"n","sampleID","barcode","sample_name","run"
1,"NJ_0003","TCCGGAGCGCTGCAG","CordatusP_Piute_NJ0003","run_1"
2,"NJ_0005","CTAACACGGCTGCAG","Campestris_Bernardino_NJ0005","run_1"
3,"NJ_0006","AGCTTCGATTTGCAG","Campestris_Bernardino_NJ0006","run_1"
4,"NJ_0007","TCGCCGCAATTGCAG","CordatusD_WhiteMtn_NJ0007","run_1"
5,"NJ_0008","TCAGTTCCGGTGCAG","CordatusC_Mammoth_NJ0008","run_1"
6,"NJ_0009","CGGAAGTGAGTGCAG","Oliganthus_Masonic_NJ0009","run_1"
7,"NJ_0010","GTTGCTAGACTGCAG","Oliganthus_Masonic_NJ0010","run_1"
8,"NJ_0011","AATAGATTCATGCAG","Bernardinus_LagunaM_NJ0011","run_1"
9,"NJ_0012","AGCTGATACATGCAG","CordatusC_Tehachapi_NJ0012","run_1"
10,"NJ_0015","ATCAGTAGAATGCAG","CordatusP_Piute_NJ0015","run_1"
11,"NJ_0026","TCGTCTTAGTTGCAG","CordatusC_DixieUtah_NJ0026","run_1"
12,"NJ_0029","GCTCAGCCAGTGCAG","Glandulosus_na_NJ0029","run_1"
13,"NJ_0030","CGGCTACTTCTGCAG","Barbatus_KlamathM_NJ0030","run_1"
14,"NJ_0031","CAAGCCGGTTTGCAG","Campestris_SantaRosaM_NJ0031","run_1"
15,"NJ_0032","TTGCGCAAGCTGCAG","Campestris_LagunaM_NJ0032","run_1"
16,"NJ_0033","TACGATGGAGTGCAG","NovaTejon_Tehachapi_NJ0033","run_1"
17,"NJ_0034","GCAATATACATGCAG","CHeterophyllus_na_NJ0034","run_1"
18,"NJ_0035","AAGAATTCGGTGCAG","Barbiger_na_NJ0035","run_1"
19,"NJ_0036","TCGGCAGTCGTGCAG","Longisiliquus_na_NJ0036","run_1"
20,"NJ_0037","AGTTCCATTGTGCAG","Longisiliquus_na_NJ0037","run_1"
21,"NJ_0038","TTCTTGCGCTTGCAG","NovaMarin_MarinCo_NJ0038","run_1"
22,"NJ_0039","AGCAATCTAATGCAG","CordatusC_Oregon_NJ0039","run_1"
23,"NJ_0040","GAATTGTCGCTGCAG","CLasiophyllus_na_NJ0040","run_1"
24,"NJ_0041","CTTCGACATATGCAG","CAnceps_na_NJ0041","run_1"
25,"NJ_0045","GAGATATGGTTGCAG","Barbatus_na_NJ0045","run_1"
26,"NJ_0047","CTCCTTGGAGTGCAG","TortuosusT_YubaRiv_NJ0047","run_1"
27,"NJ_0048","GTGTCTCTTGTGCAG","Bernardinus_Bernardino_NJ0048","run_1"
28,"NJ_0049","TGCAGTTATCTGCAG","CordatusC_ChimneyPk_NJ0049","run_1"
29,"NJ_0051","TTCTGGAATATGCAG","CordatusC_NewYorkM_NJ0051","run_1"
30,"NJ_0052","ACGCAACACATGCAG","NovaTejon_Tehachapi_NJ0052","run_1"
31,"NJ_0053","ACTGCCTCAATGCAG","CordatusC_na_NJ0053","run_1"
32,"NJ_0054","ACATCAATATTGCAG","NovaTejon_Tehachapi_NJ0054","run_1"
33,"NJ_0055","CCTCTTATCATGCAG","Oliganthus_WassukNv_NJ0055","run_1"
34,"NJ_0056","TATCGTTAGTTGCAG","CordatusC_na_NJ0056","run_1"
35,"NJ_0057","TAGTGCGGTCTGCAG","Howellii_na_NJ0057","run_1"
36,"NJ_0058","GGCCGGTAACTGCAG","CordatusC_GrandCynAZ_NJ0058","run_1"
37,"NJ_0060","AGGAACCTCGTGCAG","Sisymbrium_Claremont_NJ0060","run_1"
38,"NJ_0061","TTATCCGTAGTGCAG","Bernardinus_Bernardino_NJ0061","run_1"
39,"NJ_0062","CGCTATACGGTGCAG","Barbiger_na_NJ0062","run_1"
40,"NJ_0063","CACGCAACGATGCAG","Brachiatus_na_NJ0063","run_1"
41,"NJ_0064","TGTCCTAGGATGCAG","Breweri_na_NJ0064","run_1"
42,"NJ_0065","ATCCGTCTACTGCAG","Hesperidis_na_NJ0065","run_1"
43,"NJ_0066","GGACTCACGGTGCAG","Morrisonii_na_NJ0066","run_1"
44,"NJ_0067","GCGTCCTGCCTGCAG","CCoulteri_na_NJ0067","run_1"
45,"NJ_0068","ACTTGACCGGTGCAG","CInflatus_na_NJ0068","run_1"
46,"NJ_0069","AATGGTGACTTGCAG","Glandulosus_na_NJ0069","run_1"
47,"NJ_0070","CTAACAGTATTGCAG","Glandulosus_na_NJ0070","run_1"
48,"NJ_0071","TCATAGGCTATGCAG","CFlavescens_na_NJ0071","run_1"
49,"NJ_0072","GCTGCACGGTTGCAG","Bernardinus_na_NJ0072","run_1"
50,"NJ_0073","GCCGCAATGCTGCAG","CordatusD_na_NJ0073","run_1"
51,"NJ_0074","CGCTTCTCTGTGCAG","CordatusD_na_NJ0074","run_1"
52,"NJ_0075","CTCATTAACCTGCAG","Longisiliquus_na_NJ0075","run_1"
53,"NJ_0076","TTGATGGTGCTGCAG","CAmplexiA_na_NJ0076","run_1"
54,"NJ_0077","CAACATGAAGTGCAG","CAmplexiB_na_NJ0077","run_1"
55,"NJ_0078","ATGAAGGCAGTGCAG","CHallii_na_NJ0078","run_1"
56,"NJ_0079","GATGGACTAATGCAG","Sibaropsis_na_NJ0079","run_1"
57,"NJ_0080","GCATGGAGGTTGCAG","Bracteatus_na_NJ0080","run_1"
58,"NJ_0081","GTATATCCACTGCAG","StanElat_na_NJ0081","run_1"
59,"NJ_0082","CGTACCTTGCTGCAG","StanPin_na_NJ0082","run_1"
60,"NJ_0083","TATCGCGGAGTGCAG","Sreptanthella_na_NJ0083","run_1"
61,"NJ_0084","CATGCATACTTGCAG","CPilosus_na_NJ0084","run_1"
62,"NJ_0085","TCACTGAGAATGCAG","ThelyCrispum_na_NJ0085","run_1"
63,"NJ_0086","ATCCATAAGATGCAG","Diversifolius_na_NJ0086","run_1"
64,"NJ_0087","CTGTTAGATTTGCAG","Farnsworthianus_na_NJ0087","run_1"
65,"NJ_0088","TAACTGGTACTGCAG","Polygaloides_na_NJ0088","run_1"
66,"NJ_0089","GCCGGTGATTTGCAG","Tortuosus_na_NJ0089","run_1"
67,"ML_1","AGACGAATAGTGCAG",NA,"run_1"
68,"ML_2","GGTCATTGTATGCAG",NA,"run_1"
69,"ML_3","CGGTCGTTACTGCAG",NA,"run_1"
70,"ML_4","GACGGACAGGTGCAG",NA,"run_1"
71,"ML_5","ATTGCCACCGTGCAG",NA,"run_1"
72,"DC_1","CAGAACCAGCTGCAG",NA,"run_1"
73,"DC_2","GCTGTGCAGATGCAG",NA,"run_1"
74,"DC_3","AAGACCAATCTGCAG",NA,"run_1"
75,"DC_4","CGCGCGGCTGTGCAG",NA,"run_1"
76,"NM_SNSA","GCATGAGGCGTGCAG",NA,"run_1"
77,"NM_SNSA2","TGACGGTGATTGCAG",NA,"run_1"
78,"NM_SNBU","CTTACCGGAGTGCAG",NA,"run_1"
79,"NM_863","ACACACATCATGCAG",NA,"run_1"
80,"NM_864","TGTTGTCCGCTGCAG",NA,"run_1"
81,"NM_870","ATCCGCGACGTGCAG",NA,"run_1"
82,"NM_871","AAGTCGAGTATGCAG",NA,"run_1"
83,"NM_872","CCAATCAAGATGCAG",NA,"run_1"
84,"NM_877","TGAGCCAGCTTGCAG",NA,"run_1"
85,"NM_879","TCTAGAGAAGTGCAG",NA,"run_1"
86,"NM_885","GCCGAGGTGATGCAG",NA,"run_1"
87,"NM_761","GGTGAGTCGGTGCAG",NA,"run_1"
88,"NM_759","CTTATTCTACTGCAG",NA,"run_1"
89,"NM_821","CAAGAGACGTTGCAG",NA,"run_1"
90,"NM_839","GCACGTCTCCTGCAG",NA,"run_1"
91,"NM_3875","GTGCTCTCTATGCAG",NA,"run_1"
92,"NM_873","GCGTCAGATGTGCAG",NA,"run_1"
93,"NM_879D","AATGAATCAGTGCAG",NA,"run_1"
94,"NM_863D","ATTAGGAGGCTGCAG",NA,"run_1"
95,"NM_864D","TTCTTCAGACTGCAG",NA,"run_1"
96,"FGXCONTROL","CGCACTTGATTGCAG",NA,"run_1"
97,"bernardinus_4583","AAGTAAG","bernardinus_4583","run_2"
98,"longisiliquus_4379","AAGAGATT","longisiliquus_4379","run_2"
99,"campestris_3791","AATTGCAT","campestris_3791","run_2"
100,"Caulanthus_californicus_3881","ACCATATAT","Caulanthus_californicus_3881","run_2"
101,"Caulanthus_glaucus_Porter_15587","AGACGGTTC","Caulanthus_glaucus_Porter_15587","run_2"
102,"cordatus_Stoughton_2201","CCGCCTATGG","cordatus_Stoughton_2201","run_2"
103,"juneae_4773","CTCCGTTATG","juneae_4773","run_2"
104,"juneae_4774","GGCCGGTATT","juneae_4774","run_2"
105,"bernardinus_4775","TCAGAAC","bernardinus_4775","run_2"
106,"campestris_3800","AACTCGGT","campestris_3800","run_2"
107,"bernardinus_4770","TGCGACGT","bernardinus_4770","run_2"
108,"juneae_4772","ACCAGGCCG","juneae_4772","run_2"
109,"Caulanthus_major_4561","TCCGTCGAA","Caulanthus_major_4561","run_2"
110,"howellii_4386","CAACCTTAAG","howellii_4386","run_2"
111,"howellii_4382","CTTACCATCT","howellii_4382","run_2"
112,"howellii_4383","GGATTGCAGT","howellii_4383","run_2"
113,"howellii_4385","GCATTGC","howellii_4385","run_2"
114,"longisiliquus_4399","AACTAACG","longisiliquus_4399","run_2"
115,"longisiliquus_4398","TCGAGCTG","longisiliquus_4398","run_2"
116,"Thelypodiosis_aurea_Porter_15531","AACCATGGA","Thelypodiosis_aurea_Porter_15531","run_2"
117,"barbatus_4388","GCGTCCAGG","barbatus_4388","run_2"
118,"glandulosus_albidus_Cacho_108A","AGACGTTAGG","glandulosus_albidus_Cacho_108A","run_2"
119,"barbatus_4395","CTCGCGCAGT","barbatus_4395","run_2"
120,"barbatus_4394","GCCTGGAAGT","barbatus_4394","run_2"
121,"barbatus_4393","CTCGATT","barbatus_4393","run_2"
122,"cordatus_4387","TGATTCT","cordatus_4387","run_2"
123,"medeirosii_4764","CTTCTATG","medeirosii_4764a","run_2"
124,"medeirosii_4764","TTCAGGTT","medeirosii_4764b","run_2"
125,"glanudulosus_secundus_Cacho_202","GCCGTAGGT","glanudulosus_secundus_Cacho_202","run_2"
126,"campestris_4626","TTGGACGAG","campestris_4626","run_2"
127,"campestris_4627","CTCATAGATT","campestris_4627","run_2"
128,"bernardinus_3777","GCAGGTCAGT","bernardinus_3777","run_2"
129,"campestris_3793","CTATGAT","campestris_3793","run_2"
130,"medeirosii_2419","TCGCCTG","medeirosii_2419","run_2"
131,"tortuosus_3665","CGCAGGAG","tortuosus_3665","run_2"
132,"campestris_Rebman_9956","TTAGGTAC","campestris_Rebman_9956","run_2"
133,"campestris_Burgess_1353","CTCGCCGAT","campestris_Burgess_1353a","run_2"
134,"campestris_Burgess_1353","TGAACCTTC","campestris_Burgess_1353b","run_2"
135,"Streptanthella_Porter_15532","CATGGCAACT","Streptanthella_Porter_15532","run_2"
136,"polygaloides_Cacho_D-88","GATCGTAGTT","polygaloides_Cacho_D-88","run_2"
